<?xml version="1.0" encoding="UTF-8"?>
<schemalist gettext-domain="lyrics-indicator">
  <schema id="org.gnome.shell.extensions.lyrics-indicator" path="/org/gnome/shell/extensions/lyrics-indicator/">
    
    <key name="font" type="s">
      <default>'Sans 11'</default>
      <summary>Font</summary>
      <description>Font string for the top bar label.</description>
    </key>

    <key name="max-line-length" type="i">
      <default>40</default>
      <summary>Max Line Length</summary>
      <description>Truncate lyrics in the top bar after this many characters.</description>
    </key>

    <key name="color-animation" type="b">
      <default>false</default>
      <summary>Rainbow Mode</summary>
      <description>Enable rainbow color animation.</description>
    </key>

    <key name="animation-speed" type="d">
      <default>1.0</default>
      <summary>Animation Speed</summary>
      <description>Speed multiplier for color animation.</description>
    </key>

    <key name="genius-api-token" type="s">
      <default>''</default>
      <summary>Genius Access Token</summary>
      <description>Optional OAuth2 Access Token for Genius API.</description>
    </key>

  </schema>
</schemalist>
